cluster_id,domain
0,aamco-bellevue.com
0,aamcobakersfield-whiteln.com
0,aamcocantonga.com
0,aamcoconcordnh.com
0,aamco-chesapeakeva.com
0,aamco-councilbluffs.com
0,aamco-duluthga.com
0,aamco-newbraunfels.com
0,aamco-omahanorth.com
0,aamco-omahasouth.com
0,aamco-omahawest.com
0,aamco-taylorsvilleut.com
0,aamcoabingtonpa.com
0,aamcoahwatukee.com
0,aamcoalbuquerque.com
0,aamcoalexandriava.com
0,aamcoaloha.com
0,aamcoanaheim.net
0,aamcoantiochca.com
0,aamcoarlington-pantego.com
0,aamcoastoria.com
0,aamcoathensga.com
0,aamcoaustin-burnetrd.com
0,aamcobakersfield-unionave.com
0,aamcobaltimore-pulaskihwy.com
0,aamcobearde.com
0,aamcoblog.com
0,aamcobloomfield.com
0,aamcobloomingtonil.com
0,aamcobradenton.com
0,aamcobridgewater.com
0,aamcobristolpa.com
0,aamcobronx.com
0,aamcobrookfieldwi.com
0,aamcobrooklyn-atlanticave.com
0,aamcobrooklyn-ralphave.com
0,aamcoburbank.com
0,aamcocapistranobeachca.com
0,aamcocarync.com
0,aamcocatonsvillemd.com
0,aamcocedarparktx.com
0,aamcocentraltampa.com
0,aamcochannelviewtx.com
0,aamcocharlottesville.com
0,aamcochino.com
0,aamcoclaymontde.com
0,aamcocolumbus-clevelandave.com
0,aamcocolumbus-wbroadst.com
0,aamcoconcord.com
0,aamcoconwaysc.com
0,aamcoconyersga.com
0,aamcocoronaca.com
0,aamcocorvallisor.com
0,aamcocovinaca.com
0,aamcodallastx.com
0,aamcodelran.com
0,aamcodelraybeach.com
0,aamcodovernj.com
0,aamcodowneyca.com
0,aamcoeastbrunswick.com
0,aamcoeastmesa.com
0,aamcoeastonpa.com
0,aamcoeastpointga.com
0,aamcoeggharbortwp.com
0,aamcoelcajon.com
0,aamcoerlanger.com
0,aamcoescondido.com
0,aamcoeugeneor.com
0,aamcoeuless.com
0,aamcoeverett.com
0,aamcofeastervillepa.com
0,aamcoflagstaff.com
0,aamcofontanaca.com
0,aamcofortlauderdale-dixiehwy.com
0,aamcofortlauderdale-plantation.com
0,aamcofortworth.com
0,aamcofrederickmd.com
0,aamcofremontca.com
0,aamcofuquayvarinanc.com
0,aamcogaithersburgmd.com
0,aamcogastonianc.com
0,aamcoglendalearrowhead.com
0,aamcoglendaleca.com
0,aamcoglendaleoldtown.com
0,aamcogolflinks.com
0,aamcogreensburgpa.com
0,aamcohackettstown.com
0,aamcohagerstownmd.com
0,aamcohamptonva.com
0,aamcohemetca.com
0,aamcohialeahfl.com
0,aamcohightstownnj.com
0,aamcohouston-veteransmemorial.com
0,aamcohuntingtonbeachca.com
0,aamcoinglewoodca.com
0,aamcokcnorth.com
0,aamcokellertx.com
0,aamcola-culvercity.com
0,aamcolakeforestca.com
0,aamcolakeworth.com
0,aamcolancasterca.com
0,aamcolasvegas.com
0,aamcolaurelmd.com
0,aamcolawrencevillega.com
0,aamcolexingtoneast.com
0,aamcolexingtonparkmd.com
0,aamcolexingtonwest.com
0,aamcolongbeachca.com
0,aamcolubbock.com
0,aamcomanassasva.com
0,aamcomanchesterct.com
0,aamcomarietta-cobbparkway.com
0,aamcomcallen.com
0,aamcomcdonoughga.com
0,aamcomesacountryclub.com
0,aamcometuchen.com
0,aamcomiami-birdroad.com
0,aamcomiddletownny.com
0,aamcomilwaukieor.com
0,aamcomissouricitytx.com
0,aamcomorenovalley.com
0,aamcomorganhill.com
0,aamcomorristown.com
0,aamcomorrisvillepa.com
0,aamcomurraysouthsaltlakecity.com
0,aamconewportnews.com
0,aamconewwindsor.com
0,aamconorthridgeca.com
0,aamconorthtampa.com
0,aamconorthwestfwy-houston.com
0,aamconorwalk.com
0,aamconsa.com
0,aamcooaklandca.com
0,aamcoofgreensboro.com
0,aamcooflascruces.com
0,aamcoofupland.com
0,aamcooklahomacity-edmond.com
0,aamcooklahomacity-northwest.com
0,aamcooklahomacity-yukon.com
0,aamcoorange.com
0,aamcooverlandpark.com
0,aamcoparkvillemd.com
0,aamcopasadenaca.com
0,aamcopasadenatx.com
0,aamcopatchogue.com
0,aamcopembroke.com
0,aamcopennsaukennj.com
0,aamcopeoria-az.com
0,aamcophilly-frankfordave.com
0,aamcophoenixcentral.com
0,aamcophoenixmaryvale.com
0,aamcophoenixnortheast.com
0,aamcophoenixville.com
0,aamcopinevillenc.com
0,aamcopomonaca.com
0,aamcopompanobeach.com
0,aamcoportsmouthnh.com
0,aamcopottstownpa.com
0,aamcopuyallupwa.com
0,aamcoraleigh-capitalblvd.com
0,aamcoranchocucamonga.com
0,aamcorandallstownmd.com
0,aamcoreadingpa.com
0,aamcoredlandsca.com
0,aamcoreno.com
0,aamcoreynoldsburgoh.com
0,aamcoroanokeva.com
0,aamcorochesterny.com
0,aamcorockvillemd.com
0,aamcoroslindalema.com
0,aamcoroundrocktx.com
0,aamcosalemor.com
0,aamcosanbernardinoca.com
0,aamcosandiego-miramar.com
0,aamcosandiego-missionbay.com
0,aamcosanrafaelca.com
0,aamcosantaanaca.com
0,aamcosantaclaritaca.com
0,aamcosantacruzca.com
0,aamcosantarosa.com
0,aamcoscottsdaleairpark.com
0,aamcoscottsdaleroad.com
0,aamcoseattlewa.com
0,aamcoseguin.com
0,aamcosignalhill.com
0,aamcosilverspringmd.com
0,aamcosouthloopautorepair.com
0,aamcosouthsarasota.com
0,aamcosouthtampa.com
0,aamcospokanevalleywa.com
0,aamcospringfield.com
0,aamcospringfieldoh.com
0,aamcospringfieldva.com
0,aamcostatenisland.com
0,aamcostroudsburg.com
0,aamcostuartfl.com
0,aamcosuffolkva.com
0,aamcosurprise.com
0,aamcotemeculaca.com
0,aamcotempe.com
0,aamcotigard.com
0,aamcotopekaks.com
0,aamcotracyca.com
0,aamcotransmissionpensacola.com
0,aamcotransmissionsknoxville-kingstonpike.com
0,aamcotulsa-brokenarrow.com
0,aamcotulsa-harvard.com
0,aamcotulsa-memorial.com
0,aamcotwinfalls.com
0,aamcoutah.com
0,aamcovancouver99.com
0,aamcovictorvilleca.com
0,aamcoviennava.com
0,aamcovirginiabeachva.com
0,aamcowalnutcreekca.com
0,aamcowarrenmi.com
0,aamcowarrentonva.com
0,aamcowashingtondc.com
0,aamcowebstertx.com
0,aamcowestbroward.com
0,aamcowestpalmbeach.com
0,aamcowilliamsportpa.com
0,aamcowintervillenc.com
0,aamcowoodbridgeva.com
0,aamcowoodstock-mainst.com
0,aamcowsa.com
0,aamcoypsilantimi.com
0,aamcoyumaaz.com
1,mazda-autocentrum-engin-holzminden.de
1,mazda-autohaus-fenzl-hauzenberg.de
1,mazda-autohaus-schindlbeck-straubing.de
1,mazda-autohaus-weiss-niedernhausen.de
1,mazda-autohaus-abs-erlangen.de
1,mazda-autohaus-ahb-gotha.de
1,mazda-autohaus-albers-doerpen.de
1,mazda-autohaus-albstadt-auto-domicil-ebingen.de
1,mazda-autohaus-banaszak-kleve.de
1,mazda-autohaus-banaszak-wesel.de
1,mazda-autohaus-baumgart-altensteig.de
1,mazda-autohaus-bayer-goessweinstein.de
1,mazda-autohaus-becker-homburg-bruchhof.de
1,mazda-autohaus-behrens-magdeburg-ottersleben.de
1,mazda-autohaus-blank-dinkelsbuehl.de
1,mazda-autohaus-boehme-lutherstadt-wittenberg.de
1,mazda-autohaus-bolluck-goslar.de
1,mazda-autohaus-born-ludwigslust.de
1,mazda-autohaus-brutschin-lenzkirch.de
1,mazda-autohaus-buelo-naumburg.de
1,mazda-autohaus-dittrich-genthin-huettermuehle.de
1,mazda-autohaus-doerenkaemper-bad-hersfeld.de
1,mazda-autohaus-dohm-horn-bad-meinberg.de
1,mazda-autohaus-dorner-riedlingen.de
1,mazda-autohaus-ehrlich-aschaffenburg.de
1,mazda-autohaus-eisele-langenau.de
1,mazda-autohaus-elstner-jena.de
1,mazda-autohaus-engelbart-delmenhorst.de
1,mazda-autohaus-flindt-marschacht.de
1,mazda-autohaus-friedmann-steinfeld.de
1,mazda-autohaus-fritsche-grossschoenau.de
1,mazda-autohaus-gerhard-figge-waldeck-hoeringhausen.de
1,mazda-autohaus-goedde-meschede.de
1,mazda-autohaus-gollan-hamm.de
1,mazda-autohaus-grasdanner-holzkirchen.de
1,mazda-autohaus-gruendel-doerth.de
1,mazda-autohaus-haese-erkrath-hochdahl.de
1,mazda-autohaus-haeusler-fuerstenfeldbruck.de
1,mazda-autohaus-hamester-hamburg-bergedorf.de
1,mazda-autohaus-hansmann-kassel.de
1,mazda-autohaus-hansmann-melsungen.de
1,mazda-autohaus-heider-dresden.de
1,mazda-autohaus-hellwig-hoyerswerda.de
1,mazda-autohaus-henn-weilamrhein.de
1,mazda-autohaus-henseler-schwedt.de
1,mazda-autohaus-hoeffner-clausen.de
1,mazda-autohaus-hohenfeld-dinslaken.de
1,mazda-autohaus-huck-buehl.de
1,mazda-autohaus-kalina-gelsenkirchen.de
1,mazda-autohaus-kaschmieder-waren.de
1,mazda-autohaus-kilger-regen.de
1,mazda-autohaus-klein-bietigheim-bissingen.de
1,mazda-autohaus-kopke-bendel-marl.de
1,mazda-autohaus-kramer-kirchberg.de
1,mazda-autohaus-lackmann-sendenhorst.de
1,mazda-autohaus-lehmann-senftenberg.de
1,mazda-autohaus-lohmann-kreuztal.de
1,mazda-autohaus-lommel-grettstadt.de
1,mazda-autohaus-lotspeich-muenchen.de
1,mazda-autohaus-ludwig-halle-neustadt.de
1,mazda-autohaus-misch-uebach-palenberg.de
1,mazda-autohaus-moellenkamp-rheine.de
1,mazda-autohaus-mork-rockenhausen.de
1,mazda-autohaus-mueller-plauen.de
1,mazda-autohaus-mueller-und-thurnes-tholey.de
1,mazda-autohaus-rausch-dresden.de
1,mazda-autohaus-richter-forst.de
1,mazda-autohaus-roeser-grossmaischeid.de
1,mazda-autohaus-roessel-birkenau.de
1,mazda-autohaus-rottmann-bottrop.de
1,mazda-autohaus-ruettiger-wallduern.de
1,mazda-autohaus-schindlbeck-schwandorf.de
1,mazda-autohaus-schmidt-grossenhain.de
1,mazda-autohaus-schmidt-meschede.de
1,mazda-autohaus-schmidt-oschatz.de
1,mazda-autohaus-schneider-sondershausen.de
1,mazda-autohaus-schreier-biebergemuend-bieber.de
1,mazda-autohaus-schwenke-duisburg.de
1,mazda-autohaus-stiefel-muehlacker.de
1,mazda-autohaus-stoelzel-doehlau.de
1,mazda-autohaus-sturne-grimma.de
1,mazda-autohaus-sturne-rochlitz.de
1,mazda-autohaus-suedring-datteln.de
1,mazda-autohaus-tabbouch-speyer.de
1,mazda-autohaus-thoss-falkenstein.de
1,mazda-autohaus-tillack-perleberg.de
1,mazda-autohaus-torp-wilhelmshaven.de
1,mazda-autohaus-trumpf-wimmelburg.de
1,mazda-autohaus-ubben-aurich.de
1,mazda-autohaus-voigtlaender-meyer-hamburg.de
1,mazda-autohaus-w-k-kamen.de
1,mazda-autohaus-wagner-dortmund.de
1,mazda-autohaus-wassing-ahaus-wuellen.de
1,mazda-autohaus-weber-magdeburg.de
1,mazda-autohaus-wedding-engelskirchen-albertsth.de
1,mazda-autohaus-wilhelm-huellhorst.de
1,mazda-autohaus-wilk-kaczmarek-schwerin.de
1,mazda-autohaus-witthoeft-bad-oldesloe.de
1,mazda-autohaus-wuttke-gummersbach.de
1,mazda-automobile-maier-cham.de
1,mazda-automobile-weberpals-sonneberg-hoenbach.de
1,mazda-autopark-rath-krefeld.de
1,mazda-service-koch-ludwigsfelde.de
1,mazda-service-metz-marne.de
2,263.net.cn
2,engieindia.com
2,spg-motoren.de
2,abc-autoglas.de
2,fmlogistic.es
2,fmlogistic.pl
2,hertz.ro
2,aireserv.ca
2,bluecardagency.ru
2,despat.com
2,albatroslogistic.ma
2,spitexow.ch
2,pkf.jo
2,aon.lv
2,aontravpro.com
2,ophitusa.com
2,sitech.ch
2,apolloclinicguwahati.co.in
2,aspenpharma.es
2,hannainst.hr
2,bonprix.ch
2,bonprix.se
2,papajohns.com.tr
2,captrain.pl
2,hertz-autopujcovna.cz
2,colorflexpackaging.com
2,soventix.cl
2,spitexzh.ch
2,hertz.com.ge
2,dicetek.us
2,desjoyaux.com.cn
2,yonyou.com.hk
2,spitex-waedenswil.ch
2,sofrecogroup.com
2,sitechdo.com.mx
2,sitech-ohio.com
2,domcortraffic.ca
2,pragroup.com.au
2,elderhouseadc.com
2,eccreditcontrol.com.au
2,pkfcaribbean.com
2,sunnybrookprintshop.ca
2,engie.cl
2,engie.com.au
2,fft-ps.pl
2,tenneco.co.jp
2,mateco-hungary.hu
2,fmlogistic.it
2,franzcollection.com
2,future-x.at
2,pkf.co.in
2,pkf-l.com
2,grupointexa.co
2,habitatvietnam.org
2,hawaiifamilydentalcareers.com
2,seats2meetstationdenbosch.nl
2,implantcenter-dentistry.co.uk
2,hertz-autopozicovna.sk
2,hertz.am
2,spitex.sg
2,islprgac.org
2,nordicpharma.be
2,keika-c.ed.jp
2,vkf-renzel.com.tr
2,pkffinconta.ro
2,matutis.de
2,tapflo.se
2,msd-animal-health.it
2,nordicpharma.pt
2,nordicpharma.ch
2,pkf-fwa.com
2,pkfthailand.asia
2,pkf.ch
2,pmcorp.mx
2,pragroup.at
2,pragroup.de
2,pragroup.pl
2,pragroup.fi
2,pragroup.no
2,pragroup.se
2,rationalstock.es
2,tapflo.nl
2,rsm.bh
2,specialistnutrition.us
2,spie-wirliebenkabel.de
2,spitex-kriens.ch
2,spitex-zimmerberg.ch
2,spitex-linth.ch
2,tapflo.by
2,tracybookshop.com
2,truemoney.com.vn
2,unglobalcompactghana.com
2,vkf-renzel.co.uk
2,vkf-renzel.fr
2,vkf-renzel.nl
2,vkf-renzel.ro
3,accelltherapy.com.au
3,hometowninsurance.us
3,linak.kr
3,adeccogroupfoundationus.org
3,mitsubishielectric.cz
3,wurth.com.do
3,africell.ao
3,exertisztorm.com
3,amphenolaudio.com
3,bakertilly.se
3,atalian.be
3,atalian.com.tr
3,atalian.nl
3,atalian.pl
3,atalian.rs
3,atalian.lu
3,atalian.sk
3,bakertilly-ca.com
3,bakertillysek.se
3,bakertilly.ba
3,bakertilly.ec
3,bakertilly.lk
3,bakertilly.com.pa
3,venturelightingme.com
3,delreg.com
3,brother-industrial.com
3,brother-slovakia.sk
3,brother.com.mx
3,brother.com.pe
3,brother.com.br
3,camesoluciones.com
3,storisell.com
3,tbwa.co.nz
3,cardif.pl
3,mazdaofamarillo.com
3,portadoors.com
3,chicco.ch
3,linak.de
3,cyrillus.com
3,linak.cz
3,durableonline.com.sg
3,kiaofpa.com
3,edf-re.com.au
3,equans.cl
3,equans.cz
3,equansservices.com
3,equans.co
3,equans.hu
3,equans.lu
3,filterteknik.dk
3,inductothermgroup.com.br
3,inductothermgroup.jp
3,sto.es
3,infiniti.com.tw
3,kantar.com.tw
3,sans-sans.com.my
3,kiacoldlake.com
3,krautzberger.pl
3,metlife.com.cy
3,metlife.cl
3,linak-latinamerica.com
3,linak.pl
3,linak.es
3,linak.nl
3,mazdalanka.lk
3,mazdaofpoughkeepsie.com
3,mazdaofalexandria.com
3,mazdaofescondido.com
3,mazdaofnewrochelle.com
3,mitsubishielectricmalaysia.com
3,mooresingapore.com
3,nidek.com
3,mycabin.ie
3,niproaustralia.com.au
3,solatube.com.cn
3,pamline.fr
3,powerint.cn
3,renaultsprings.co.za
3,selgen.eu
3,sto-ukraine.com
3,sto.fi
3,synlab.de
3,synlab.mk
3,toyotahonduras.com
3,trikonclinicalwaste.co.uk
3,wurth.es
3,wurth.pe
4,ardex.at
4,ardexamericas.com
4,ardexbuildingproducts.ie
4,ardex.com.tw
4,srpb2b.com
4,bauermedia.no
4,bowlero.mx
4,mantruckmerchandise.co.uk
4,wurthsaudi.com
4,budget.com.do
4,dci.co.th
4,hertz.yt
4,cdvielectronics.com
4,cdviplastics.com
4,krofian.de
4,cleijsenautoschadegoirle.nl
4,intersport.fi
4,servier.cz
4,crif.ch
4,crif.com.tr
4,crif.hk
4,crif.pl
4,crif.cz
4,crif.sk
4,cubcadet.fr
4,lyspoland.pl
4,daikin-ce.com
4,daikin-iraq.com
4,daikinuae.com
4,daikin-ksa.com
4,daikin-manufacturing.de
4,daikin.al
4,daikin.az
4,daikin.ch
4,daikin.com.mm
4,daikinmalaysia.com
4,daikineastafrica.com
4,daikinitalyshop.it
4,daikin.com.sg
4,daikin.ru
4,daikinbahrain.com
4,daikin.eu
4,daikin.fi
4,daikin.ge
4,daikin.mk
4,daikin.rs
4,daikin.si
4,daikinafrica.com
4,daikinczech.cz
4,daikindevice.cz
4,daikinegypt.com
4,daikintexastechnologypark.com
4,daikinkuwait.com
4,daikinlebanon.com
4,daikinmea.com
4,daikinqatar.com
4,engie.sk
4,svnefird.com
4,flesan.com.pe
4,furuno.fr
4,furuno.it
4,intersport.com.cy
4,hertz.com.do
4,hertzhn.com
4,hps-guns.de
4,hsusports.com
4,intersport.be
4,intersport.ch
4,jetfriorefrigeracao.com.br
4,isuzu.co.mz
4,skybusiness.co.nz
4,keasyfit.it
4,kiaofstcatharines.com
4,kilewswest.com
4,logicvapes.co.uk
4,vans.fr
4,vans.nl
4,nissanofthebronx.com
4,nissantireadvantage.com
4,orbico.com.mk
4,servier.nl
4,pamarco.co.uk
4,savethechildren.es
4,sackit.no
4,shercomotorcycles.it
4,top-system.com.mk
4,wurth.co
5,adra.org.au
5,thebodyshop.com.br
5,ovb.gr
5,advantisengineering.com
5,synlab.hr
5,solatube.pt
5,aleris-pp.dk
5,brother.co.il
5,brother.com.ar
5,amway.ca
5,arkaybeverages.com
5,mazdaofmilford.com
5,aon.lt
5,crocssa.co.za
5,msd-animal-health.co.nz
5,avis.com.ph
5,avis.nc
5,vbh.de
5,avon.co.mu
5,avon.com.sa
5,orange.co.bw
5,bimeda.ie
5,sanlorenzo.com.pe
5,cimbbank.com.vn
5,bosch-pt.com.au
5,brother-industrial.md
5,cdljovem.org.br
5,pilotpen.it
5,pilotpen.ro
5,cfmotoindia.com
5,chicco.com.mx
5,meggle-group.com
5,meggle.co.jp
5,chubblifefund.com.vn
5,isuzuniaga.com
5,mapfre.com.uy
5,medef-anjou.fr
5,orange.cd
5,orange.cm
5,decathlonkz.com
5,desjoyaux.co.uk
5,unitecnica-us.com
5,eresrelocation.es
5,nexigroup.com
5,flashmed-lb.com
5,msd-animal-health.co.uk
5,ford.pl.ua
5,fordmediacenter.nl
5,meggle-cheese.com
5,genan.com
5,grantthornton.co.im
5,hollandandbarrett.com.mt
5,vbh.lv
5,vbh.cz
5,hyundai.ge
5,hyundai.sn
5,indianmotorcycle.com.ar
5,takedaoncology.com
5,kiaofduluth.com
5,kumon.com.hk
5,lghealthjobs.org
5,mazda-autohaus-berlenbach-bergischgladbach.de
5,renault-materom.ro
5,mazdaofchicagoland.com
5,toyota-indus.com
5,mazdaofsouthcharlotte.com
5,mazdaoforange.com
5,mazdaoforlandpark.com
5,zkteco.co.za
5,meggle-bakery.com
5,nestle.do
5,nexicentraleurope.com
5,orange-bissau.com
5,orange.com.lr
5,orange.md
5,orange.sn
5,ovb.at
5,ovb.ro
5,pilotpen.co.uk
5,pilotpen.eu
5,pingusenglish.com
5,viessmann.ua
5,scoutaerialafrica.com
5,softland.com.mx
5,vbh.hu
5,zkteco.me
6,allthingswater.com
6,culligangrandisland.com
6,culliganofsouthwestwisconsin.com
6,culliganwisconsin.com
6,culliganadvantage.com
6,culliganalbionhillsdale.com
6,culliganallegan.com
6,culliganatlanta.com
6,culliganbetterwater.com
6,culliganbrighton.com
6,culligancentralindiana.com
6,culliganchampaign.com
6,culliganchicago.com
6,culligancountry.com
6,culligandelavan.com
6,culliganflint.com
6,culliganfresnolindsay.com
6,culligangeneva.com
6,culligangrandrapids.com
6,culliganh2o.com
6,culliganheartland.com
6,culliganhoriconwatertown.com
6,culliganillinois.com
6,culliganillinoisvalley.com
6,culliganindiana.com
6,culliganiowa.com
6,culliganjanesville.com
6,culligankennewick.com
6,culliganlacrosse.com
6,culliganlansing.com
6,culliganlasvegas.com
6,culliganlemars.com
6,culliganmarion.com
6,culliganmarlette.com
6,culliganmichigan.com
6,culliganmidmichigan.com
6,culliganminneapolis.com
6,culliganmonroe.com
6,culliganmoseslake.com
6,culligannation.com
6,culligannc.com
6,culliganofidaho.com
6,culliganofmerrillville.com
6,culliganofnashville.com
6,culliganofofallon.com
6,culliganofpeoria.com
6,culliganofwestbranch.com
6,culliganphoenix.com
6,culliganporthuron.com
6,culliganquadcities.com
6,culliganregina.com
6,culliganricelake.com
6,culliganromeo.com
6,culligansanantonio.com
6,culligansiouxcity.com
6,culliganslc.com
6,culligansouthwest.com
6,culliganstlouis.com
6,culligantoledo.com
6,culligantotalwater.com
6,culligantotalwaterbaraboo.com
6,culligantotalwateriowa.com
6,culligantucson.com
6,culligantulsa.com
6,culliganuppercumberland.com
6,culliganwaterbillings.com
6,culliganwaterburlington.com
6,culliganwatercolorado.com
6,culliganwaternebraska.com
6,culliganwaterstillwater.com
6,culliganwatertreatment.com
6,culliganwaterwestbend.com
6,culliganwaterwyoming.com
6,culliganwheaton.com
6,culliganwi.com
6,culliganwooster.com
6,culliganwt.com
6,drinkculligan.com
6,rockvalleyculligan.com
6,vettersculliganwater.com
7,acurasouthpoint.com
7,designmehair.cz
7,nissanofopelousas.com
7,adecco.de
7,moore.swiss
7,budgetinternational.com
7,adra.org.rs
7,insize.com.br
7,fmc-symposium.cz
7,algeco.at
7,algeco.pt
7,algeco.ro
7,algeco.si
7,atalian.hu
7,sitech-ws.com
7,sitechnw.com
7,avia-belgomine.be
7,billygraham.ca
7,rotary-club-paris-se.org
7,bimedacanada.com
7,bimedaus.com
7,cfmotobenelux.eu
7,gs1al.org
7,budget-egypt.com
7,budget.bg
7,budgetoman.com
7,budget-ireland.co.uk
7,budget.co.ao
7,budgetqatar.com
7,cdu-aldenhoven.de
7,pkfkerikeri.co.nz
7,pkf.com.tr
7,cfmotoitaly.it
7,cfmotoqueretaro.com
7,ctdi.in
7,etxt.biz
7,customneon.com.au
7,daikin-korea.co.kr
7,daikinchemicals.co.th
7,daikinchemicals.com
7,savethechildren.ca
7,subway.ru
7,kokuyo-furniture.com.my
7,furuno.gr
7,gs1.dk
7,gs1sk.org
7,gs1ec.org
7,gs1.ro
7,gs1bg.org
7,gs1hu.org
7,gs1hr.org
7,gs1tn.org
7,hsbcsaudi.com
7,savethechildren.org.au
7,isover.it
7,isuzu.net.my
7,lcvesta.nl
7,sto-sea.com
7,sto.com.tr
7,nissanattheavenues.com
7,nissanmiddletownny.com
7,nissanoflebanonnh.com
7,noiseassessments.org
7,ohb-system.de
7,savethechildren.mn
7,pearson.com.hk
7,petercem-sensors.com
7,sitechnorthwest.com
7,rotarygranada.es
7,spie-osmo.de
7,stosignature.com
7,subwayfrance.fr
7,toyota.com.mk
7,toyotaalbania.al
7,veka.pt
8,steinbacher.pl
8,dertour.sk
8,aeccglobal.co.id
8,aeccglobal.co.th
8,plastoplan.pl
8,pilotpen.com.au
8,allianz-assistance.ie
8,allianzlifebali.com
8,allianz.com.gr
8,allianz-handwerker.de
8,allianz.com.ar
8,allianz.sg
8,allianzpp.com
8,allianz-spm.fr
8,allianz.nl
8,allianz.ie
8,allianz.is
8,allianzdarta.ie
8,allianz.lt
8,allianz.lu
8,allianz.mg
8,allianz.ua
8,allianzgloballife.com
8,allianzlifechanger.com
8,amtrakvacations.com.au
8,plastoplan.com
8,plastoplan.rs
8,analytik-jena.fr
8,analytik-jena.ru
8,sonepar.co
8,avispl.de
8,thebodyshop.com.tr
8,mapfre.com.ni
8,cazenovecapital.com
8,crocs.cl
8,crocs.pl
8,decathlon.ch
8,enefitvolt.com
8,giacomini.cz
8,toyotamacau.com
8,promstahl.de
8,hyundaicentralsales.com
8,topdoctors.cl
8,isuzu-vietnam.com
8,isuzuhanoi.com
8,isuzubarcs.hu
8,isuzu.com
8,isuzugyor.hu
8,kuraray.us.com
8,mapfre.com.gt
8,mapfre.com.sv
8,mapfre.pr
8,mapfre.com.ve
8,mazdalakeland.com
8,middletemplevenue.org.uk
8,neposystem.me
8,weidner.ca
8,protectourwinters.de
8,tasuki-holdings.co.jp
8,skoda-clermontferrand.fr
8,skoda-metz.fr
8,skoda-nancy.fr
8,skodanews.de
8,sonepar.cz
8,toyotabatangas.com.ph
8,tescomobile.sk
8,thelocal.at
8,thelocal.fr
8,thelocal.it
8,thelocal.ch
8,thelocal.dk
8,thelocal.es
8,thelocal.no
9,abilways.be
9,bauder.nl
9,ambiderm.com.gt
9,bbraun.co.uk
9,bbraun.com.my
9,bauder.ag
9,bauder.be
9,bauder.fr
9,bauder.lt
9,bauder.rs
9,bbraun.be
9,bbraun.nl
9,bbraun.ru
9,blackroll.com.pl
9,subway.com.my
9,subwaypacific.com
9,casaaurorasupermercados.com.br
9,cinnabon.pk
9,cinnabonrussia.com
9,cinnabon-egypt.com
9,cinnabon.com.tr
9,cinnabon.mx
9,cinnabon-ksa.com
9,cinnabon.ca
9,cinnabon.co.za
9,dennert.pl
9,fmc-mexico.com
9,freseniusmedicalcare.ca
9,deprag.cz
9,dmcihomes.jp
9,komoder.co.uk
9,komoder.com
9,eca-serel.de
9,stockco.co.nz
9,solatube.se
9,ecaas.com
9,netterden.com
9,terradat.co.uk
9,freseniuskidneycare.com
9,freseniuskidneycare.cn
9,gjw-bb.de
9,gjw-nd.de
9,gjw-hessen.de
9,gjw-mv.de
9,gjwnwd.de
9,gjw-nrw.de
9,gjw-sachsen.de
9,hansa-flex.at
9,hansa-flex.us
9,hansa-flex.co.uk
9,hansa-flex.be
9,hydroscand.co.ua
9,kern-liebers.it
9,komoder.md
9,pauldaviswi.com
9,solutions30.nl
9,piccinifuels.it
9,solatube.no
9,solatube.co.uk
9,solatubescotland.co.uk
9,stawag-energie.de
9,xtransfer.cn
9,tanameracoffee.com
9,thisissowgood.com
9,toysrus.de
9,toolstationjobs.nl
9,toysrus.com.ph
9,toysrus.pt
9,toysrus.fr
10,adfc-radtourismus.de
10,trakm8.cz
10,plastoplan.si
10,bakertilly.com.ve
10,anderson-negele-gmbh.ru
10,siebtechnik-tema.cn
10,siebtechnik-tema.nl
10,babgencel.de
10,cfmoto.com.tr
10,bakertilly.ci
10,bakertilly.mu
10,bakertilly.vg
10,bakertillyeg.com
10,bakertilly.com.jm
10,bakertilly.dk
10,bakertilly.es
10,bakertilly.gi
10,bakertilly.gt
10,bakertilly.it
10,bakertilly.ky
10,bakertilly.lu
10,bakertilly.lv
10,bakertilly.ng
10,bakertilly.no
10,bakertilly.pt
10,bakertilly.sg
10,bakertilly.sl
10,bakertillygh.com
10,benefitsystems.hr
10,century21viaplus.be
10,cfmotoperu.com
10,eurochem-na.com
10,clearblueionizer.be
10,manpowergroup.ca
10,enterprise.ae
10,ebay.cn
10,ebay.co.kr
10,ebayglobalshipping.com
10,enterprise.com.ar
10,enterprise.dk
10,enterpriserentacar.bg
10,enterpriserentacar.pl
10,enterprise.se
10,enterprise.si
10,siebtechnik-tema.co.uk
10,siebtechnik-tema.com.au
10,hyundaigatineau.ca
10,lamborghinimontreal.com
10,nextbikeczech.com
10,jdm.com.pe
10,johcm-ukconference.com
10,mazdaofmidland.com
10,le-tech.co.uk
10,mazdaofcolumbia.com
10,rutscherlebnis.at
10,menschenfuermenschen.at
10,modshair.co.nz
10,nestle.hr
10,tensar.com.cn
10,unglobalcompact.ca
10,uxbistart.com
11,algeco.com
11,pacificinfotech.co.uk
11,altriusconsulting.com
11,amway.com.do
11,avis.com.do
11,amway.at
11,amway.ch
11,amway.it
11,amway.co.jp
11,amway.de
11,amway.fr
11,aon.co.nz
11,aonassurances.com
11,avis.cr
11,avis-tahiti.com
11,avis-taiwan.com
11,zhcpa.cn
11,filatime.com
11,avis.co.mw
11,avisng.com
11,husse.hu
11,canon-its.co.jp
11,canon.com.br
11,canon.cl
11,vitalimages.com
11,crocs.co.nz
11,mazdavardi.com.co
11,poliform-spb.ru
11,digi-intl.co.jp
11,secom.vn
11,gotchateausa.com
11,whirlpoolservice.co.uk
11,hollandandbarrett.ae
11,thebodyshop.ee
11,thebodyshop.lv
11,rinnai.com.tw
11,hyrox.es
11,kamic.fi
11,thebodyshop.lt
11,internationalsos.co.jp
11,internationalsos.no
11,landish.ca
11,thebodyshop.si
11,synlab.com.cy
11,synlab.com.tr
11,mersen.com.br
11,mersen.com.tr
11,mersen.hu
11,mersen.jp
11,mersen.es
11,mersen.in
11,mersen.it
11,nexi.gr
11,nexi.hr
11,polarysgroup.eu
11,synlab.com.mk
11,thebodyshop.fi
11,vans.com.au
11,whisky.de
12,aad-insurance.com
12,trinkgutlippstadt.de
12,algeco.cz
12,affidea.pl
12,eurofins.at
12,eurofins.hr
12,algeco.sk
12,ekartlogistics.in
12,anadolumedicalcenter.al
12,funiber.org.co
12,funiber.org.uy
12,batistareisfloresonline.com.br
12,kiwiqa.com.au
12,rotary.no
12,berlitz-bahrain.com
12,berlitzhautsdefrance.fr
12,berlitznouvelleaquitaine.fr
12,berlitz-dublin.ie
12,berlitzph.com
12,caspak.co.nz
12,eurofinsfoodtesting.com
12,eurofinsfoodtesting.nl
12,cleansui-usa.com
12,dairyqueenobx.com
12,svnchicagopm.com
12,drekopf-kanalservice.de
12,europcar.me
12,europcar.rs
12,norauto-empleo.es
12,funiber.ci
12,funiber.cm
12,funiber.ml
12,funiber.fr
12,funiber.it
12,funiber.sn
12,funiber.ma
12,funiber.us
12,icafalinmobiliaria.cl
12,job-impulse.co.jp
12,modshair-nuernberg.de
12,promat.ch
12,jysk.mk
12,keytitlegroupsa.com
12,luxaflexproject-scandinavia.com
12,stadtwerke-heidenheim-regio.de
12,mediqdirekt.de
12,mediqdirekt.hu
12,norauto.com
12,nutricia.pt
12,rotarypublicschool.org
12,rotarycoimbatoredowntown.org
12,sherwin-williams.com.ec
12,svnahia.com
12,svntrinity.com
12,svnvanguardla.com
12,takab.nu
12,tridentseafoods.jp
12,webster.nl
13,intersport-martinique-guadeloupe.fr
13,algeco.be
13,intersport-arc2000.com
13,intersport-grandbornand.com
13,allianz-reiseschutz.de
13,intersport-risoul.com
13,apexdynamicsgermany.de
13,decathlon.com.kh
13,intersport-arc1950.com
13,bestwesternbraddock.com
13,bosch-climate.com.tr
13,bosch-homecomfort.com
13,bosch-homecomfortgroup.com
13,bosch-industrial.com
13,canonburgos.com
13,culligandesmoines.com
13,intersport-lesrousses.com
13,decathlon.pl
13,secureparkinghi.com
13,solatubegalicia.com
13,esseskincare.hk
13,esseskincare.nl
13,esseskincare.se
13,esseskincare.sg
13,esseskincare.no
13,freeportwestselfstorage.com
13,immunospot.eu
13,gallant-ocean.com.tw
13,heliosstrategia.pl
13,mazdacorpuschristi.com
13,hofmann-personal.cz
13,printsasia.com
13,isover.com.ar
13,intersport-arvieux.com
13,intersport-courchevel1550.com
13,intersport-courchevel1850.com
13,isover.be
13,isover.com.br
13,isover.se
13,isover.co.kr
13,isover.fi
13,isover.hu
13,manpowergroup.ch
13,mazdaofwooster.com
13,whirlpool.com.sg
13,rexel.ca
13,rexel.se
13,tryg.com
13,scholpp.it
13,secureparking.com.kh
13,secureparking.com.lb
13,secureparkingusa.com
13,subarutijuana.mx
13,toyotapasongtamo.com
13,trijit.uk
13,warmupdeutschland.de
13,workcircle.com
14,araihelmet.com
14,ford.te.ua
14,ford.vn.ua
14,baywa-re.co.kr
14,baywa-re.es
14,baywa-re.pl
14,baywa-re.vn
14,baywa-re.com.au
14,baywa-re.fr
14,baywa-re.mx
14,bmw-motorrad-euromotos-lyon.fr
14,wurth.com.mk
14,wurth.rs
14,cgparivarconstruction.com
14,rotaryclubdelima.org
14,daikin-china.com.cn
14,daikincareers.com
14,eru.com.ua
14,santillana.com.co
14,santillana.com.ec
14,ford.dn.ua
14,ford.if.ua
14,h2oinnovation.mx
14,k-startupcenter.org
14,isover.sk
14,hertz-tilburg.nl
14,hertz.com.cy
14,isover.de
14,metagenics.co.jp
14,indianmotorcyclesturgis.com
14,whirlpool.com
14,isover.at
14,kia-guadeloupe.com
14,wurth.kz
14,wuerth.com.hr
14,kuestarubber.com
14,leroymerlin.co.za
14,lww.co.uk
14,rotary.hr
14,platingsystems.info
14,rotary-bulgaria.org
14,santillana.com.ar
14,santillana.com.pa
14,securitas24.de
14,tupperware.co.kr
14,sompo-intl.com
14,spie-energotest.pl
14,vitalsauna.eu
14,whirlpool-bangladesh.com
14,wuerth-gruppe.ch
14,wurth-international.com
14,wurthcanarias.es
14,wuerth.com.kh
14,wurth.ae
14,wurth.ua
14,yord.pl
15,duracleanrestoration.com
15,aireonepeel.ca
15,duraclean.net
15,bestrucksofmn.net
15,linexswfl.com
15,chicco.com.tw
15,carglass.cz
15,carglass.lt
15,carglass.dk
15,carglass.ee
15,carglass.hu
15,carglass.rs
15,carglass.hr
15,freseniuskidneycare.au
15,chicco.com.ph
15,chicco.fr
15,chicco.com.ua
15,chicco.com.tr
15,goliathgames.de
15,childrenandteendentalfl.com
15,movingstarsinc.com
15,dhirajsonsonline.com
15,clarksonhyde.it
15,plameco-baer.de
15,plameco-rheinsieg.de
15,euromaster.cz
15,duraclean.us
15,duracleancarpet.com
15,duracleanmaine.com
15,freseniuskidneycare.asia
15,freseniuskidneycare.ph
15,goliathgames.com
15,goliathgames.es
15,ikea.com.tw
15,ikea.es
15,ikea.ee
15,ikea.pr
15,inductothermhw.com
15,kiaofcoatesville.com
15,mazdacity.com
15,kiaofwestchester.com
15,kiavacaville.com
15,linexps.com
15,overheaddoorriverton.com
15,plameco.at
15,plameco-bonn.de
15,plameco-hannover.de
15,plameco.nl
15,plameco-huizen.nl
15,plameco.be
15,rjelinek.cl
15,toolstationjobs.be
15,shahshalalfood.com
15,shelterstation.com.au
15,sprachcaffe-muenchen.com
16,adra.pl
16,toyota-magny.fr
16,toyota-chartres.fr
16,bakertilly.mt
16,bakertilly.pk
16,wingarc.com.au
16,mazdaofbedford.com
16,bcurelaser.co.il
16,bcurelaser.com
16,bioderma.com.hr
16,bioderma.it
16,bioderma-india.in
16,bioderma.ec
16,bioderma.sg
16,bioderma-sk.com
16,bioderma.co.za
16,bioderma.pl
16,bonprix.co.uk
16,dolcevita.ca
16,carter-benson.com
16,macma.pl
16,yves-rocher.se
16,cpi-print.com
16,sixty8.ro
16,wordans.de
16,monitus.com
16,duracleanservicebybob.com
16,yves-rocher.nl
16,dysartsservicecenter.com
16,hondatygerberg.co.za
16,janegal.sk
16,nobleprog.com.eg
16,mazdaoflodi.com
16,tapflo.co.za
16,tapflo.it
16,monster.se
16,tapflo.at
16,tapflo.kz
16,nobleprog.ae
16,novonordisk.my
16,vivaconagua.org.za
16,rubiomonocoat.com.au
16,rubiomonocoatusa.com
16,rubiomonocoat.com.pl
16,tapflo.hu
16,thegoodlobby.fr
16,toyotacomauto.com
16,toyotasanpablo.com.ph
16,tupperware.nl
16,vkf-renzel.bg
16,vkf-renzel.hu
16,vkf-renzel.dk
16,vkf-renzel.cz
16,wordans.it
16,xella-colloquium.berlin
17,adlatus-nordwestschweiz.ch
17,cbrain.com
17,engie-africa.com
17,ajas.cz
17,trisa.bg
17,monster.at
17,ampersand-world.com
17,meniconamerica.com
17,avonworldwide.com
17,viacon.fi
17,viacon.no
17,berlitz-augsburg.de
17,engie.nl
17,cdlcampina.org.br
17,chip.pl
17,compassion.es
17,culliganreno.com
17,culliganwatercorrections.com
17,edenred.com.ar
17,edenred.com.uy
17,edenred.pl
17,edenred.es
17,fluidmasteruk.com
17,howdensafetysolutions.com
17,propertyfinder.com
17,indiancancersocietybangalore.org
17,isic.de
17,julis-nuernberg.de
17,tgmresearch.vn
17,julis-sh.de
17,julis-rhein-berg.de
17,xwiftracingevents.be
17,linexofchickasha.com
17,linexofjoliet.com
17,linexofstlouismo.com
17,linexofwilliston.com
17,menicon.co.uk
17,menicon.de
17,menicon.nl
17,menicon.es
17,menicon.fr
17,metlifetakealongdental.com
17,vispiron.systems
17,subway.co.id
17,papasaveriospizzeria.com
17,paybase.netlify.app
17,skssweden.se
17,unicharm.co.in
17,spiegse.com
17,subway-franchise.fr
17,suttontools.co.nz
17,unicharm.com.br
17,vans.co.nz
17,worldvision.org.nz
18,allianz-genc.de
18,allianz-rose.info
18,allianz-sebastiankoch.de
18,allianz-kuhlemann.de
18,allianz-peev.de
18,allianz.ma
18,sekulin-allianz.de
18,allianzim.com
18,benu.nl
18,wuerth.bg
18,budgetglacier.com
18,moorestoke.co.uk
18,kierpensions.co.uk
18,cdvi.com
18,cvjm-augsburg.de
18,cvjm-pfalz.de
18,cvjm-hemer.de
18,cvjm-dettingen.de
18,cvjm-muensingen.de
18,cvjm-gomaringen.de
18,cvjm-nuembrecht.de
18,electrolux.com.mx
18,shimadzumea.com
18,shimadzu.in
18,entergy-nuclear.com
18,glamsmile.be
18,globalconnectcarrier.com
18,faesfarma.com.co
18,medef-artois.fr
18,medef-nouvelle-aquitaine.fr
18,globalconnect.de
18,hansa-flex.com.pl
18,vantagepoint.co.id
18,luminishealthcareers.org
18,mapfre.com.py
18,medef-pays-basque.fr
18,moore.es
18,newson-gale.co.uk
18,wurth-int.com
18,wuerth.com.ph
18,wurth.co.uk
18,wurth.com.uy
18,wurth.com.vn
18,wuerth.my
18,wurth.co.ke
18,wurth.lv
18,wurth.cl
18,wurth.co.nz
18,wurth.co.za
18,wurth.lk
18,wurth.pt
18,wurth.sk
19,ajaxtocco.de
19,hondamurcia.com
19,hondasevilla.net
19,sitech.fi
19,benu.ch
19,benu.lt
19,benu.lv
19,benu.ee
19,citychain.co.th
19,kalorimeta-singen.de
19,pkf.sk
19,spie-ics.com
19,lueck-gruppe.de
19,spie.be
19,spie.lu
19,mariagefreres.co.jp
19,ringcontainers.co.uk
19,richs.co.uk
19,moore-czech.cz
19,msd.es
19,pkfea.com
19,pkflesotho.com
19,msig-asia.com
19,overheaddoorofterrehaute.com
19,sitechsolutions.com
19,pkf-central-america.com
19,pkfboi.nz
19,pkfcs.co.nz
19,pkfgf.co.nz
19,pkf-dominicana.com
19,pkf-hk.com
19,pkf.co.uk
19,pkf.com.cy
19,pkf.dk
19,pkf.pt
19,pkfsingapore.com
19,pkf.swiss
19,pkfboston.com
19,pkfcemac.com
19,pkfcr.co.nz
19,pkfjnd.com
19,pkfmalta.com
19,pkfve.com
19,processcommunicationmodel.sk
19,pussyspace.net
19,siiora.org
19,santillana.com.uy
19,stanleyelectricus.com
19,tectake.it
19,wheystore.vn
20,kia-ahs-roehrnbach.de
20,kia-fugel-dresden.de
20,kia-poeschl-bensheim.de
20,kia-sauter-albstadt.de
20,kia-auto-center-weiterstadt.de
20,kia-bachmann-wehretal.de
20,kia-bender-coburg.de
20,kia-brass-frankfurt.de
20,kia-brueggemann-brandenburg.de
20,kia-brueggemann-neubrandenburg.de
20,kia-burian-celle.de
20,kia-car-center-wismar.de
20,kia-christ-ansbach.de
20,kia-daehn-goeritz.de
20,kia-diamant-wiesbaden.de
20,kia-dresen-neuss.de
20,kia-ds-lampertheim.de
20,kia-duerkop-hannover.de
20,kia-ebner-baienfurt.de
20,kia-engbert-datteln.de
20,kia-etehad-halstenbek.de
20,kia-fischer-cottbus.de
20,kia-fischer-muenchberg.de
20,kia-gj-remagen-rolandseck.de
20,kia-gorny-eislingen.de
20,kia-guenther-dingelstaedt.de
20,kia-h-p-schiffweiler.de
20,kia-hoff-trier.de
20,kia-hotz-gardelegen.de
20,kia-jaeger-bevern.de
20,kia-koenig-teltow.de
20,kia-kroppen-herten.de
20,kia-kurt-recklinghausen.de
20,kia-lange-gosen.de
20,kia-levy-wittenberg.de
20,kia-maier-cham.de
20,kia-moeller-eisenach.de
20,kia-moeller-wunstorf.de
20,kia-mueller-genthin.de
20,kia-penning-zetelneuenburg.de
20,kia-schmid-hoehenkirchen.de
20,kia-schunke-aurich.de
20,kia-settele-neu-ulm.de
20,kia-strehle-dresden.de
20,kia-suedmobile-radolfzell.de
20,kia-trinkle-schorndorf.de
20,kia-vogt-finningen.de
20,kia-wandscher-oldenburg.de
20,kia.co.mz
21,asieris.com
21,carlsjr.com.tr
21,carlsjr-russia.ru
21,carlsjr.fr
21,carlsjr.com.mx
21,carlsjr.co.nz
21,carlsjrmerida.com
21,faacentrancesolutions.be
21,murrelektronik.pl
21,murrelektronik.sk
21,ford.lviv.ua
21,ilmercatoambacht.nl
21,lindt.jp
21,lindt.at
21,lindt.com.mx
21,lindt.dk
21,lindt.ch
21,lindt.co.za
21,lindt.com.au
21,lindt.cz
21,lindt.de
21,lindt.es
21,lindt.fi
21,lindt.se
21,martinavenueshops.com
21,nissanmanufacturing.com
21,mazda-autohaus-tietje-holmb-wedel.de
21,medicover.de
21,steelhousegroup.ee
21,murrelektronik.at
21,murrelektronik.com.cn
21,murrelektronik.fi
21,murrelektronik.it
21,murrelektronik.be
21,murrelektronik.ch
21,murrelektronik.com.tr
21,murrelektronik.cz
21,murrelektronik.fr
21,murrelektronik.hu
21,murrelektronik.in
21,murrelektronik.kr
21,murrelektronik.no
21,murrelektronik.ro
21,murrelektronik.sg
21,murrelektronik.uk
21,vivaconagua.at
21,scte-prod.herokuapp.com
21,williamblairfunds.com
22,dfcapital-investors.com
22,intersport.com.au
22,intersport-crestvoland.com
22,intersport-alpedhuez.com
22,ymcasf.org
22,intersport.dk
22,intersport-gros.de
22,intersport-rent.fr
22,intersport.hr
22,intersport.it
22,intersport.si
22,invisalign.de
22,kumonshuppan.com
22,spitex-flawil-degersheim.ch
22,landi.swiss
22,ymcachicago.org
22,ymcatriangle.org
22,pilotpen.co.th
22,spitexaadorf.ch
22,pilotpen.hu
22,spitex-bodensee.ch
22,spitex-emmen.ch
22,spitex-imboden.ch
22,spitexniesen.ch
22,spitex-gaeu.ch
22,spitex-grauholz.ch
22,spitex-oberfreiamt.ch
22,spitex-oberthurgau.ch
22,spitex-regiowittenbach.ch
22,spitex-romanshorn.ch
22,spitex-rotbachtal.ch
22,spitex-wiggertal.ch
22,spitex-wuerenlos.ch
22,spitexgossau.ch
22,spitexkaiseraugst.ch
22,spitexkempt.ch
22,spitexmuri.ch
22,spitexrl.ch
22,spitexrontalplus.ch
22,titancontainers.co.nz
22,titancontainers.fr
22,ymca-ywca.org
22,ymcaswv.com
22,ymcatoledo.org
22,ymcawaycross.com
22,ymcatrivalley.org
22,ymcaup.org
23,affinitynonprofits.com
23,manpower.co.za
23,manpowergroup.se
23,buffalotours.es
23,spitex-see-lac.ch
23,casperscreensnorcal.com
23,manpowergroup.gr
23,manpowergroup.no
23,cdlcuritiba.org.br
23,cdltresrios.com.br
23,dahmira.kz
23,cyclecarriage.com
23,getscsadmin.com
23,daad-australia.org
23,spitexgaiserwald.ch
23,spitex-trevalli.ch
23,spitex-buchs.ch
23,eurotradus.eu
23,manpowergroup.com.sg
23,manpowergroup.dk
23,fimacf.africa
23,spitex-regionbirs.ch
23,spitexsense.ch
23,medef-somme.fr
23,spitex-region-zofingen.ch
23,spitex-muellheim.ch
23,spitex-aarenord.ch
23,spitexampuls.ch
23,spitex-wasseramt.ch
23,spitex-appenzellerland.ch
23,spitex-region-stockhorn.ch
23,spitex-freiamt.ch
23,spitexgraenichen.ch
23,spitexlauchetal.ch
23,spitex-gersau.ch
23,spitex-hoefe.ch
23,spitexstaefa.ch
23,spitex-meggen.ch
23,spitexzug.ch
23,spitex-wyland.ch
23,spitex-region-kreuzlingen.ch
23,spitex-regiokirchspiel.ch
23,spitex-rothenburg.ch
23,spitex-steinmaur-neerach.ch
23,spitexbuchs.ch
23,spitexlueg.ch
24,kiaprimavera.com
24,toyota-marseille.com
24,toyota-saint-victoret.com
24,toyotaparmaksizlar.com.tr
24,toyotaakkoyunlu.com.tr
24,toyotaaydogan.com.tr
24,toyotamici.com.tr
24,toyotaoztoprakhatay.com.tr
24,toyotaakten.com.tr
24,toyotaaktoy.com.tr
24,toyotaaykon.com.tr
24,toyotabakircilarfethiye.com.tr
24,toyotaboranlar.com.tr
24,toyotaborovali.com.tr
24,toyotacavdarli.com.tr
24,toyotacetas.com.tr
24,toyotaderinderekocak.com.tr
24,toyotaefe.com.tr
24,toyotaelpa.com.tr
24,toyotaer.com.tr
24,toyotagocmenturk.com.tr
24,toyotagoktepe.com.tr
24,toyotahizel.com.tr
24,toyotakar.com.tr
24,toyotakocaelikaya.com.tr
24,toyotakuzen.com.tr
24,toyotamezcar.com.tr
24,toyotanatas.com.tr
24,toyotaonatca.com.tr
24,toyotaotojen.com.tr
24,toyotasamlioglu.com.tr
24,toyotasandikci.com.tr
24,toyotasarar.com.tr
24,toyotasonkar.com.tr
24,toyotatokullar.com.tr
24,toyotatoyan.com.tr
24,toyotayatubodrum.com.tr
24,toyotayatumugla.com.tr
24,toyotayigitvar.com.tr
24,toyotayoruk.com.tr
25,aquatherm-belux.be
25,elizabetharden.tw
25,savethechildren.nl
25,attijariwafabank.com.eg
25,sprachschule-aktiv.de
25,sprachschule-aktiv-kaiserslautern.de
25,bnpparibasdeveloppement.com
25,savethechildren.it
25,worldvision.org.uk
25,demeter-im-norden.de
25,sprachschule-aktiv-basel.ch
25,savethechildren.org.ph
25,shimadzu-rika.co.jp
25,shimadzu.co.kr
25,linak.com.br
25,pearsonactivelearn.com
25,shimadzu-la.com
25,mazdaofnorthmiami.com
25,sprachschule-aktiv-passau.de
25,minisocr.com
25,shimadzu-techno.co.jp
25,orient-food.sk
25,santander.de
25,santanderuniversidades.com.mx
25,santanderconsumer.se
25,santanderconsumer.fi
25,santanderconsumer.no
25,savethechildren.org.uk
25,savethechildren.org.za
25,shimadzu.com.br
25,shimadzu.com.cn
25,shimadzu.com.ph
25,vetpartners.fr
25,worldvision.cl
25,worldvision.org.sv
25,worldvision.co
25,worldvisionmexico.org.mx
25,worldvision.com.au
26,acuraofwestchester.com
26,subaru-bd.com
26,dulux.co.za
26,dulux.ie
26,dulux.com.my
26,dulux.com.sg
26,dulux.in
26,foxinaboxlondon.uk
26,venaenergy.co.jp
26,thelab.id
26,fronticsamerica.com
26,habitatcoosavalley.org
26,habitatmichigan.org
26,habitativ.org
26,hyundaitgv.ro
26,wedos.com
26,kiaofabilene.com
26,subaru.mt
26,kynixsemiconductor.com
26,wuerthmarket.ru
26,myron.ca
26,naturesrewardcoloredcauliflower.com
26,veka.hu
26,orbico-kenoanyagok.hu
26,subaru.eu
26,pkfcabrera.com
26,wurth.hu
26,subaru.com.tr
26,subaruvilnius.lt
26,subaru.es
26,subaru.jp
26,subaru.lu
26,subaru.nc
26,subarumidlandodessa.com
26,veka.bg
26,veka.fr
26,veka.com.sg
27,acetoolonline.com
27,carglass.gr
27,alten-consulting.de
27,altenusa.com
27,altenromania.ro
27,alten.ca
27,altengt.com
27,cvjm-muenchberg.de
27,carglass.si
27,carglass.ma
27,carglass.re
27,chauffeurstelefoon.nl
27,takeda.com.ru
27,takeda.nl
27,murrelektronik.se
27,daikin.com.mx
27,despec.eu
27,de-heus.nl
27,deheus.id
27,deheus.com.vn
27,deheus.co.in
27,deheus.rs
27,deheus.pt
27,deheus.pl
27,hansa-flex.com.cn
27,hondaheritagecenter.com
27,toshiba-water.com
27,prioritymanagementscotland.co.uk
27,murrelektronik.es
27,vans.com.ar
27,planncosteels.com
27,smittysmb.ca
27,repsol.com.mx
27,stocanada.com
27,toupret.ch
27,worldoptionsgh.com.au
28,bbraun-vetcare.nl
28,bbraun.ca
28,bbraun.cl
28,bbraun.co.za
28,bbraun-vetcare.pt
28,bbraun.ae
28,bbraun.bg
28,bbraun.cn
28,bbraun.co.in
28,bbraun.co.kr
28,bbraun.co
28,bbraun.co.th
28,bbraun.com.ar
28,bbraun.com.br
28,bbraun.com.py
28,bbraun.com.tr
28,bbraun.com.tw
28,bbraun.com.vn
28,bbraun.cz
28,bbraun.dk
28,bbraun.ec
28,bbraun.fi
28,bbraun.hr
28,bbraun.hu
28,bbraun.lt
28,bbraun.lv
28,bbraun.mx
28,bbraun.no
28,bbraun.pe
28,bbraun.ph
28,bbraun.pk
28,bbraun.pt
28,bbraun.ro
28,bbraun.rs
28,bbraun.se
29,applebees.com.gt
29,foxinaboxbrisbane.com
29,foxinaboxzutphen.com
29,bauwerk-group.hr
29,gloriasportsarena.com.tr
29,mercanta.de
29,forpsi.pl
29,schaumann.cz
29,foxinabox.mx
29,foxinaboxgoldcoast.com
29,foxinaboxgraz.at
29,foxinaboxmiami.com
29,hennessyfunds.com
29,immanuelalbertinen.de
29,saint-gobain-glass.co.uk
29,infiniti.com.do
29,infiniti.com.pa
29,saint-gobain.ar
29,saint-gobain.com.co
29,saint-gobain-glass.es
29,saint-gobain.mk
29,saint-gobain-solutions.nl
29,saint-gobain.al
29,saint-gobain.bg
29,schaumann.fr
29,schaumann.it
29,titancontainers.at
29,titancontainers.co.uk
29,titancontainers.ie
29,titancontainers.com.tr
29,titancontainers.dk
29,titancontainers.us
30,adra.sk
30,job-impulse.sk
30,moog.co.uk
30,bakertilly.cl
30,bakertillymlt.se
30,brother.cn
30,reallifeconcepts.co.za
30,cargoriga.ee
30,cfmoto.com.br
30,dfsk.tn
30,engie-ecserwis.pl
30,hahn-kolb.mx
30,job-impulse.es
30,job-impulse.hu
30,job-impulse.mx
30,job-impulse.pt
30,job-impulse.us
30,kia-ci.com
30,kiairaqnim.com
30,lamborghini-berlin.com
30,lamborghini-frankfurt.com
30,moog.es
30,moog.fr
30,muvpropiedades.com.ar
30,notairespirletboinet.be
30,renaultselection.co.za
30,stampinup.ca
30,stampinup.uk
30,svncredit.ro
30,ubicast.tv
30,wwf.at
31,aiesec.gr
31,aiesecargentina.org
31,honda-saint-maur.com
31,biolchim.com.br
31,honda-angouleme.com
31,honda-larochelle.com
31,honda-pirola.com
31,honda-rouen.com
31,honda-bordeaux.com
31,honda-caen.com
31,honda-cannes.com
31,honda-chateauroux.com
31,honda-dijon.com
31,honda-grenoble.com
31,honda-lemans.com
31,honda-lille.com
31,honda-limoges.com
31,honda-lorient.com
31,honda-marseille.com
31,honda-meaux.com
31,honda-melun.com
31,honda-metz.com
31,honda-montpellier.com
31,honda-mulhouse.com
31,honda-reims.com
31,honda-rennes.com
31,honda-strasbourg.com
31,honda-toulouse.com
31,honda-villebon.com
32,airbnb.am
32,airbnb.co.kr
32,airbnb.ie
32,airbnb.jp
32,airbnb.ba
32,airbnb.be
32,airbnb.ca
32,airbnb.cl
32,airbnb.co.id
32,airbnb.co.in
32,airbnb.com.ar
32,airbnb.com.au
32,airbnb.com.bo
32,airbnb.com.br
32,airbnb.com.co
32,airbnb.com.hk
32,airbnb.com.pe
32,airbnb.com.ro
32,airbnb.com.tw
32,airbnb.com.vn
32,airbnb.cz
32,airbnb.dk
32,airbnb.fr
32,airbnb.hu
32,airbnb.nl
32,airbnb.no
32,airbnb.rs
32,airbnb.ru
32,airbnb.si
33,renault-argenteuil.fr
33,renaultchiva.com
33,renault.com.my
33,renault-beaulieu.fr
33,renault-tortosa.es
33,renaultrycauto.es
33,renault-chihuahua.com
33,renaultmonterrey.com
33,renaultpatria.com.mx
33,renaultcoatzacoalcos.com.mx
33,renault.dk
33,renaultbank.es
33,renaultamericas.com.mx
33,renaultdelsol.com.mx
33,renaultcampeche.mx
33,renaultcancun.com.mx
33,renaultchiapas.com.mx
33,renaultinterlomas.com
33,renaultmerida.com.mx
33,renaultpatriotismo.com.mx
33,renaultpuertovallarta.com.mx
33,renaultsancosme.com.mx
33,renaulttepic.mx
33,renaulttlalnepantla.com.mx
34,allbranded.de
34,babble.com
34,disneychannel.co.za
34,anotherbrokeneggfranchise.com
34,crocs.com.ec
34,crocs.com.uy
34,narscosmetics.de
34,bonprix.fi
34,panpuri.fr
34,crocs.com.pe
34,humanasecondhand.se
34,spp.cz
34,leekeswindows.co.uk
34,malerasstockholm.se
34,toyotaquezonavenue.com.ph
34,myfamily.ca
34,narscosmetics.co.uk
34,narscosmetics.es
34,narscosmetics.fr
34,specialolympics.com.au
34,toyotabeerens.be
34,tupperware.com.ar
34,urmet.com.br
35,mazda-angola-autozuid.com
35,mazda-bcrmotors.ru
35,mazda-rzeszow-czach.pl
35,mazda.ua
35,mazda.es
35,mazda-bielskobiala-autogazda.pl
35,mazda-lodz-matsuoka.pl
35,mazda-wroclaw-wrobel.pl
35,mazda-krakow-kazokuluzar.pl
35,mazda-warszawa-nivette.pl
35,mazda-ma.com
35,mazda-press.com
35,mazda.si
35,mazda-poznan-voyager.pl
35,mazda.com.tr
35,mazda-sosnowiec-mirai.pl
35,mazda-tarnowskiegory-mirai.pl
35,mazda-warszawa-auto2000.pl
35,mazda-warszawa-bemomotors.pl
35,mazda-warszawa-odyssey.pl
35,mazda-wroclaw-jaremko.pl
35,mazda.hu
36,servier.at
36,servier.com.pa
36,servier.pl
36,servier.si
36,servier.bg
36,servier.co.id
36,servier.co.th
36,servier.co.uk
36,servier.co.za
36,servier.com.ar
36,servier.com.br
36,servier.es
36,servier.com.ph
36,servier.ge
36,servier.gr
36,servier.hu
36,servier.it
36,servier.lv
36,servier.pt
36,servier.sk
36,servier.ua
36,servier.vn
37,advocarenewbornnetwork.com
37,advocarewdp.com
37,nobleprog.mx
37,duracleanservices.net
37,ebay.com.hk
37,ebay.fr
37,ebay.it
37,ebay.pl
37,ebay.com.tw
37,ercagroup.com.tr
37,techtel.com.sg
37,harigmfg.com
37,howdenagents.gr
37,howdentiger.com
37,howdengroupholdings.com
37,pixibeauty.co.uk
37,johnsmedley.jp
37,nobleprog.com.ar
37,statkraft.fr
37,victorsport.com.tw
38,veolia.am
38,veolia.com.sg
38,veolia.nl
38,veolia.co.uk
38,veolia.fr
38,veolia.ie
38,veolia.co.za
38,veoliawatertechnologies.pl
38,veoliawatertech.com
38,veolia.com.ru
38,veolia.fi
38,veolia.in
38,veolia.cz
38,veolia.pt
38,veolia.es
38,veolia.de
38,veolia.jp
38,veolia.pl
38,veoliawatertechnologies.it
38,veolia.sk
39,actemium.at
39,actemium.de
39,actemium.us
39,actemium.ca
39,actemium.ch
39,actemium.co.uk
39,actemium.com.br
39,actemium.com
39,actemium.es
39,actemium.id
39,actemium.it
39,actemium.pt
39,actemium.se
39,actemium.sk
39,atalian.cz
39,cdlvideira.com.br
39,remaxcrystal.com
39,ealang.com.cn
39,lidl-ni.co.uk
40,adra.nl
40,adra.org.pt
40,athora.nl
40,adra.se
40,menicon.com.au
40,menicon.sg
40,boxful.com.tw
40,grantthornton.sk
40,statkraft.com.br
40,pearson.com.cn
40,pearsonclinical.es
40,pearsonclinical.fr
40,statkraftvarme.no
40,statkraft.co.uk
40,statkraft.com.tr
40,statkraft.ie
40,statkraft.nl
40,statkraft.com.pe
41,greatplacetowork.be
41,greatplacetowork.co.ke
41,greatplacetowork.co.kr
41,greatplacetowork.pl
41,greatplacetowork.cl
41,greatplacetowork.mu
41,greatplacetowork.com.ar
41,greatplacetowork.com.bo
41,greatplacetowork.com.co
41,greatplacetowork.com.pe
41,greatplacetowork.com.py
41,greatplacetowork.com.uy
41,greatplacetowork.com.ve
41,greatplacetowork.is
41,greatplacetowork.lu
41,greatplacetowork.pt
42,medef-ain.fr
42,medef-paysdelaloire.fr
42,medefloire.fr
42,medef-alsace.com
42,medef-ardennes.com
42,medef-aura.fr
42,medef-cher.fr
42,medef-corse.com
42,medef-dromeardeche.fr
42,medef-htcis.com
42,medef-sarthe.fr
42,medef-seine-estuaire.fr
42,medef-seineetmarne.fr
42,medef-vendee.fr
42,medef41.fr
42,medef71.com
43,hyundaiblacktown.com.au
43,hyundaichullora.com.au
43,toyotabacau.ro
43,toyota-bauer.at
43,toyota-buchreiter-eisenstadt.at
43,toyota-niederberger.at
43,toyota-ulrichshofer.at
43,toyota-bornholm.dk
43,toyota-innviertel.at
43,toyota-handler.at
43,toyota-rambouillet.fr
43,toyota.com.mt
43,toyotadolak.cz
43,toyota-s.co.il
43,toyota.ae
44,aiesec.my
44,avoncameroun.com
44,axa.dz
44,atalian.sg
44,axa.ma
44,axabreakdown.co.uk
44,logmaxbr.com.br
44,axa-assistance.cz
44,axa-assistance.pl
44,axa-assistance.ma
44,axa-lifeeurope.com
44,nutrienagsolutions.ca
44,sourceadvisors.co.uk
45,greatplacetowork.cn
45,greatplacetowork.com.mm
45,greatplacetowork.com.vn
45,greatplacetowork.com.au
45,greatplacetowork.com.sg
45,greatplacetowork.com.cy
45,greatplacetowork.gr
45,patheon.kr
45,greatplacetowork.es
45,greatplacetowork.fr
45,greatplacetowork.se
45,mazdaofwestridge.com
45,patheon.com
46,nestle-esar.com
46,nestle.pl
46,nestle.com.tw
46,nestle.at
46,nestle.ch
46,nestle.com.py
46,nestle.ir
46,nestle.bg
46,nestle.co.nz
46,nestle.com.sg
46,nestle.com.ve
46,nestle.mk
46,nestle.si
47,alcirclebiz.com
47,nutricia.co.uk
47,nutricia.ie
47,azets.ie
47,azetsconsulting.no
47,nutricia.de
47,nutriciavoorjou.nl
47,bauder.at
47,new-beauty.com
47,nutricia.nl
47,nutricia.be
47,nutriciababy.be
48,astreitalia.it
48,gs1lt.org
48,kia.am
48,engenmauritius.com
48,servier.ru
48,pirtek.eu
48,pirtek.at
48,pirtek.de
48,pirtek.se
48,pirtek.be
48,pirtek.ie
48,pirtek.nl
49,pepsico.co.it
49,pepsico.fr
49,pepsico.pt
49,pepsico.sa
49,pepsico.com.br
49,pepsico.com.co
49,pepsico.com.pk
49,pepsico.com.tr
49,pepsico.es
49,pepsico.rs
49,pepsico.ru
49,pepsico.ua
50,adecco.co.th
50,adeccojapanese.asia
50,aliaxis.be
50,aliaxis.cz
50,adecco.com.vn
50,adecco.rs
50,aliaxis-me.com
50,aliaxis.gr
50,aliaxis.it
50,aliaxis.bg
50,aliaxis.hu
50,aliaxis.pl
51,linde-gas.at
51,linde-gaz.pl
51,lindehomecare.fr
51,linde-gas.es
51,linde-gas.fi
51,linde-gas.fr
51,linde-gas.nl
51,linde-gas.no
51,linde-healthcare.nl
51,linde.ch
51,lindeoilandgas.com
52,zalando.at
52,zalando.ee
52,zalando.no
52,zalando.pl
52,zalando.be
52,zalando.ch
52,zalando.co.uk
52,zalando.nl
52,zalando.cz
52,zalando.dk
53,nestle-caribbean.com
53,nestle.co.kr
53,nestle.ro
53,nestle-mena.com
53,nestle.com.ar
53,nestle.fi
53,nestle.com.bd
53,nestle.com.vn
53,nestle.se
53,nestle.lt
54,culliganredwing.com
54,mondialparebrise.re
54,esseskincare.fi
54,esseskincare.co.uk
54,esseskincare.dk
54,veolia.be
54,veolia.bg
54,veolia.ca
54,veolianorthamerica.com
54,veolia.com.gh
55,fattalhotelgroup.com
55,kelloggs.it
55,kia-telke-badschlema.de
55,stanbicbank.co.bw
55,kelloggs.gr
55,kelloggs.no
55,kentmaster.nz
55,manpowergroup.pt
55,stanbicbank.co.zm
55,tevamexico.com.mx
56,jungheinrich.cn
56,jungheinrich.co.nz
56,jungheinrich.com.au
56,jungheinrich.co
56,jungheinrich.co.th
56,jungheinrich.co.za
56,jungheinrich.com.br
56,jungheinrich.com.my
56,jungheinrich.com.sg
56,jungheinrich.in
57,garminstore.com.br
57,tupperware.at
57,tupperware.it
57,solidea.co.za
57,tupperware.com.vn
57,tupperware.es
57,toyotanorthedsa.com
57,tupperware.fr
57,tupperware.pl
57,tupperware.be
58,einhell.ba
58,einhell.co.uk
58,einhell.com.gr
58,einhell.de
58,einhell.ch
58,einhell.com.ar
58,einhell.com.tr
58,einhell.cz
58,einhell.fi
58,einhell.hr
59,reedglobal.ae
59,reedglobal.com.mt
59,reedglobal.com.tr
59,reedglobal.pl
59,reedglobal.bg
59,reedglobal.ch
59,reedglobal.cz
59,reedglobal.hu
59,reedglobal.sg
59,toyota-evreux.fr
60,fleishmanhillard.cn
60,fleishmanhillard.co.id
60,fleishmanhillard.ie
60,fleishmanhillard.mx
60,fleishmanhillard.co.th
60,fleishmanhillard.com.br
60,fleishmanhillard.cz
60,fleishmanhillard.ph
60,kind-der-stadt.at
61,flashbay.ca
61,flashbay.co.nz
61,flashbay.com.my
61,flashbay.es
61,flashbay.pt
61,flashbay.fi
61,flashbay.no
61,flashbay.fr
61,flashbay.hu
62,nikon-mea.com
62,nikon.co.th
62,nikon.com.hk
62,nikon.com.sg
62,nikonclub.fr
62,nikonimgsupport.com
62,nikonmetro1stg.wpengine.com
62,nikonlenswear.cn
62,nikonschool.de
63,wuerth-ag.ch
63,wurth.nl
63,wurthindustry.ca
63,wuerth.co.jp
63,wuerth.co.th
63,wuerth.dk
63,wurth-international.com.cn
63,wurth.com.tw
63,wurth.fi
64,asendia.at
64,asendia.co.uk
64,asendia.es
64,asendia.se
64,asendia.de
64,asendia.dk
64,asendia.it
64,asendia.sg
64,asendiausa.com
65,kia-asc.ru
65,kia-chita.ru
65,kia-crimea.ru
65,kia-autoprodix.ru
65,kiacadca.sk
65,kia.co.sz
65,kia.com.cy
65,kia.pt
66,howdenoze.pl
66,kumon.cl
66,kumon.com.ar
66,kumon.com.co
66,kumon.com.pe
66,kumon.com.bo
66,kumon.com.uy
66,kumonla.com
67,sephora.dk
67,sephora.es
67,sephora.it
67,sephora.pt
67,sephora.fr
67,sephora.gr
67,sephora.pl
67,sephora.ro
68,wwf.es
68,wwf.no
68,wwfcz.org
68,wwf.or.th
68,wwf.ro
68,wwf.org
68,wwf.org.nz
68,wwfchina.org
69,autosecuritas-barlin.fr
69,autosecuritas-ct-notre-dame-doe.fr
69,autosecuritas-ctlp.fr
69,autosecuritas-ct-seysses.fr
69,autosecuritas-ducos.fr
69,autosecuritas-passins.fr
69,autosecuritas-tallard.fr
69,autosecuritaslemoule.fr
70,ecslupsk.pl
70,engie-refrigeration.de
70,engie.pt
70,eftech-international.com
70,engiemiddleeast.com
70,engie.de
70,engieresources.com
70,engieservices.us
71,jll.ch
71,jll.com.lk
71,jll.nz
71,jll.co.il
71,jll.co.kr
71,jll.fi
71,jll.lu
71,toyotasud.ro
72,lidl-giftcard.eu
72,lidl-voyages.fr
72,lidl-immobilien.de
72,lidl.ee
72,lidl.lt
72,lidl.com.cy
72,lidl.lu
72,lidl.lv
73,landermitsubishi.com.au
73,mitsubishi-motors.at
73,mitsubishi-motors.com.kw
73,mitsubishi-motors.com.om
73,mitsubishi-motors.fi
73,mitsubishi-motors.it
73,mitsubishi-motors.pt
73,mitsubishi-motors.qa
74,astrazeneca.ca
74,astrazeneca.dk
74,astrazeneca.no
74,astrazeneca.pt
74,astrazeneca.com.hk
74,astrazeneca.com.tr
74,astrazeneca.hu
74,astrazeneca.ua
75,roca.co.id
75,roca.com.tr
75,roca.fr
75,roca.it
75,roca.co.th
75,roca.com.ar
75,roca.ro
75,rocatiles.com
76,cdvi.ca
76,cdvi.ch
76,cdvi.de
76,cdvi.fr
76,cdvi.se
76,cdvibenelux.com
76,cdviberica.com
77,decathlon.com.br
77,decathlon.com.tr
77,decathlon.hu
77,decathlon.cz
77,decathlon.ro
77,sonepar.hu
77,sonepar.pt
78,amnesty.eu
78,amnesty.id
78,amnesty.hu
78,amnesty.org.ng
78,amnesty.lu
78,amnesty.org.ph
78,amnestyghana.org
79,mazda.ru
79,mazdaofconshohocken.com
79,mazdaofspartanburg.com
79,mazdabali.co.id
79,mazdafwb.com
79,mazdaofpottstown.com
79,mazdaofportcharlotte.com
80,miniso-au.com
80,miniso.nc
80,miniso-home.ro
80,miniso.com.ec
80,miniso.ge
80,minisouruguay.com.uy
80,minisoindia.com
81,ikea.co.id
81,ikea.com.hk
81,ikea.com.tr
81,ikea.com.do
81,ikea.is
81,linexaus.com.au
81,linexofmacon.com
82,pefc.be
82,pefc.fi
82,pefc.org
82,pefc.cl
82,pefc.es
82,pefc.dk
82,pefc.se
83,remax-emblema.com.ar
83,remax-lueneburg.de
83,remax-pinneberg.de
83,remax-go.com.ar
83,veolia.cn
83,veolia.ma
83,vwswestgarth.com
84,ibc-solar.co.za
84,ibc-solar.it
84,ibc-solar.nl
84,ibc-solar.cz
84,ibc-solar.es
84,ibc-solar.jp
84,ibc-solar.pl
85,shopee.co.id
85,shopee.com.mx
85,shopee.vn
85,shopee.co.th
85,shopee.com.co
85,shopee.in
85,shopee.com.my
86,demeter-bw.de
86,demetercs.eu
86,demeter.ch
86,demeter-im-westen.de
86,demeter.it
86,demeter.at
86,demeterschmid.de
87,entergy-arkansas.com
87,entergy-louisiana.com
87,entergy-neworleans.com
87,entergynewsroom.com
87,entergy-mississippi.com
87,entergy-texas.com
87,louisdepoorterestore.com
88,misterwhat-au.com
88,misterwhat.pl
88,misterwhat.pt
88,misterwhat.com.br
88,misterwhat.de
88,misterwhat.nl
88,seitenbachershop.com
89,alchemia-nova.net
89,metlife.com.ar
89,metlife.com.au
89,metlife.co.kr
89,metlife.com.bd
89,metlife.com.tr
89,metlife.com.uy
90,nhszketpo.hu
90,rsmcanada.com
90,rsmuk.com
90,rsm.lu
90,rsmrecruitment.com
90,rsmthailand.com
90,rsmpoland.pl
91,pingusenglish.ac.th
91,pingusenglish.com.tr
91,pingusenglish.vn
91,pingusenglish.co.id
91,regalsprings.com.mx
91,rotaryclubmedellin.org
91,rotaryclubofessex.com
92,rheine.schule
92,soneparfrance.fr
92,svnnc.com
92,sonepar.com.sg
92,soneparusa.com
92,soneparthailand.com
92,sonepar.pe
93,mtn.cg
93,mtn.ci
93,mtn.zm
93,mtn.co.sz
93,mtn.com.af
93,mtn.com.gh
93,mtn.ng
94,aeccglobal.com.bd
94,aeccglobal.lk
94,aeccglobal.sg
94,aeccglobal.my
94,aeccglobal.ng
94,aeccglobal.vn
94,budatec.de
95,catsprotectionshop.co.uk
95,iba-protontherapy.com
95,linde-finance.com
95,linde-gas.lt
95,linde-gas.ee
95,linde-gas.lv
96,carlsjr.es
96,whirlpool.com.hk
96,invisalign.fr
96,invisalign.ae
96,invisalign.ch
96,invisalign.co.il
97,holidayland-bruchkoebel.de
97,holidayland-dorfen.de
97,holidayland-roedermark.de
97,holidayland-sanktwendel.de
97,holidayland-friedrichshafen.de
97,holidayland-reisebuero-stuppert.de
98,castsoftware.it
98,kia.com.ni
98,kia.com.uy
98,kia-beyschlag.at
98,kia-exner.de
98,kiaonline.dk
99,overheaddooraz.com
99,overheaddoorcompanyjackson.com
99,overheaddoorfayetteville.com
99,overheaddoorbrookfield.com
99,overheaddoorsrichmond.com
99,overheaddoorkalamazoo.com
100,linde-amt.com
100,linde-gas.com
100,linde.bo
100,linde-medica.es
100,lindesaude.pt
100,linde.pe
101,cdlbarreiras.com.br
101,repsol.fr
101,repsolresourcesuk.com
101,repsol.no
101,repsol.pe
101,repsol.us
102,julis-bayern.de
102,julis-bremen.de
102,julis-stuttgart.de
102,julis-mfr.de
102,julis-muenchen.de
102,julis-sachsenanhalt.de
103,santander.pt
103,toyota.bo
103,toyota.com.co
103,toyota.com.la
103,toyota.com.np
103,toyota.com.kh
104,infiniti-abudhabi.com
104,infiniti.mx
104,infiniti-jordan.com
104,infiniti-azerbaijan.com
104,infiniti-bahrain.com
104,infiniti-dubai.com
105,aamco-corpuschristi.com
105,aamcovinelandnj.com
105,aamcokansascitysouth.com
105,aamcocollegestationtx.com
105,aamcoelpaso-east.com
105,aamcoindependencemo.com
106,affidea.ba
106,affidea.ro
106,experian.co.uk
106,experian.com.my
106,experian.in
106,experian.com.hk
107,bakertilly.bg
107,bakertilly.com.cy
107,bakertilly.ma
107,bakertilly.com.kh
107,bakertilly.fr
107,bakertilly.site
108,biothanesolutions.com
108,veoliawatertechnologies.es
108,veoliawatertechnologies.fi
108,veoliawatertechnologies.fr
108,krugerkaldnes.no
108,veoliawatertechnologies.de
109,affresco-decor.com
109,yves-rocher.it
109,yves-rocher.pt
109,globalconnect.dk
109,globalconnectgroup.com
109,sothebysrealty.ae
110,bioderma.com
110,jdimmigration.es
110,mercyships.de
110,mercyships.ch
110,mercyships.fr
110,mercyships.dk
111,fmlogistic.com.br
111,fmlogistic.cz
111,fmlogistic.ro
111,fmlogistic.com.ua
111,fmlogistic.sk
111,subwayburbank.com
112,toyota-annecy.fr
112,toyota-montluel.fr
112,toyota-paris5.fr
112,toyota-rillieux.fr
112,toyota-givors.fr
112,toyota-lyonsud.fr
113,europa-union-bremen.de
113,europa-union-havelland.de
113,europa-union-sachsen-anhalt.de
113,europa-union-sachsen.de
113,europa-union-diepholz.de
113,europa-union-niedersachsen.de
114,kiatorun.pl
114,zkteco.com.bd
114,zkteco.in
114,zkteco-ao.com
114,zkteco.com.pk
114,zkteco.vn
115,modshair-bielefeld.de
115,modshair-hannover.de
115,modshair-koeln-lindenthal.de
115,modshair-stuttgart.de
115,modshair-braunschweig.de
115,modshair-koeln-city.de
116,nordicpharma.co.uk
116,nordicpharma.fr
116,nordicpharma.it
116,nordicpharma.de
116,nordicpharma.es
116,nordicpharma.nl
117,bosch-pt.co.in
117,bosch-pt.com.my
117,boschautoparts.com
117,boschtools.com
117,bosch-pt.com.cn
117,boschautopartes.mx
118,annotext.de
118,bizfilings.com
118,wolterskluwer.com.my
118,wolterskluwer.dk
118,genya.it
118,medknow.com
119,ccusa.ca
119,ccusa.co.nz
119,ccusa.com.au
119,ccusa.co.uk
119,ccusa.cz
119,ccusa.hu
120,mitsubishielectric-printing.com
120,mitsubishielectric.com.cn
120,mitsubishielectric.com.sg
120,mitsubishielectric.in
120,mitsubishielectric.se
120,mitsubishielevator.co.kr
121,affidea.ch
121,affidea.pt
121,affidea.lt
121,affidea.es
121,affidea.gr
122,chicco.co.nz
122,meggle-foodingredients.de
122,meggle.de
122,meggle.it
122,taylorfarmsdeli.com
123,edenredrewards.co.in
123,gs1my.org
123,gs1.at
123,gs1mt.org
123,gs1.org.bo
124,einhell.bg
124,einhell.dk
124,einhell.nl
124,einhell.rs
124,einhell.pl
125,grantthornton.az
125,grantthornton.com.ve
125,grantthornton.do
125,grantthornton.com.pa
125,grantthornton.tn
126,kia-plt.ru
126,kiamotors.com.kh
126,kia.com.np
126,kia.com.co
126,kiaspringfield.co.za
127,msd-animal-health.be
127,msd-animal-health.com.au
127,msd-animal-health.dk
127,msd-animal-health.pl
127,msdinsight.no
128,synergie.com
128,synergiejobs.nl
128,synergie.pt
128,synergie.es
128,synergiejobs.at
129,gulf.com.mk
129,gulf.no
129,gulfcombustibles.com
129,gulfoil.co.uk
129,gulfoilltd.com
130,lightspeedhq.fr
130,vendhq.com
130,renaultzaragoza.com
130,santander.com.mx
130,santander.com.uy
131,vbh.be
131,vbh.com.es
131,vbhtrgovina.si
131,vbh.hr
131,vbh.ro
132,kiajc.com
132,kiaofdaphne.com
132,kiaofgrandblanc.com
132,kiamarin.com
132,kiaofwestburlington.com
133,lamborghini-rotterdam.nl
133,pingusenglish.com.cy
133,pingusenglish.ee
133,pingusenglish.my
133,pingusenglish.ps
134,aiesec.ba
134,aiesec.cl
134,aiesecaustralia.org
134,aiesec.org.es
135,avia-ramonville.fr
135,avia.hu
135,aviapolska.pl
135,avia-unimot.com.ua
136,mateco.bg
136,mateco.nl
136,mateco.ro
136,mateco.mx
137,mcdonalds-mcdelivery.es
137,mcdonalds.ma
137,mcdonalds.md
137,mcdonalds.com.jo
138,medef-44.fr
138,medef-bearnetsoule.com
138,medef-cote-opale.com
138,medef-franche-comte.com
139,toyotabucurestinord.ro
139,toyotaconstanta.ro
139,toyotaploiesti.ro
139,toyotafocsani.ro
140,trulynolenalagoas.com.br
140,trulynolengoias.com.br
140,trulynolenparaiba.com.br
140,trulynolencampogrande.com.br
141,worldvision.al
141,worldvisionamericalatina.org
141,worldvision.bo
141,worldvision.ca
142,intersport.com.tr
142,intersport.hu
142,intersport.sk
142,intersport.cz
143,medef-beziers.fr
143,medef79.fr
143,medef-mayenne.com
143,medef31.fr
144,nestle.com.bo
144,nestle.dk
144,nestle.no
144,nestle.com.pe
145,starbucks.co.nz
145,starbucks.com.sg
145,starbucks.in
145,starbucks.com.gr
146,starkey.co.uk
146,starkey.com.br
146,starkey.com.co
146,starkeyjp.com
147,gulf-japan.com
147,gulfoilchina.com
147,gulf.lu
147,gulfsverige.com
148,isover.bg
148,isover.lv
148,isover.ua
148,isover.cz
149,pearsonschoolsandfecolleges.co.uk
149,toysrus.com.bn
149,toysrus.com.sg
149,toysrus.com.my
150,adecco.cl
150,adecco.com.sg
150,adeccome.com
150,adecco.ie
151,aonhewitt.com.cy
151,aonsolutions.com.cy
151,aonsolutions.com.tr
151,aonsolutions.gr
152,bestdrive.fi
152,bestdrive.ie
152,bestdrive.se
152,bestdrive.pl
153,cfmoto-larissa.gr
153,mazdademagog.com
153,mazdadesherbrooke.com
153,kiacowansville.com
154,duracell-me.com
154,duracell.es
154,duracell.fr
154,duracell.it
155,experian.co.nz
155,experian.com.sg
155,experianidworks.com
155,experianacademy.com
156,habitat.hu
156,habitatns.ca
156,habitatindiana.org
156,habitatstl.org
157,kawasaki-center-koeln.de
157,kawasaki-herzog.de
157,kawasaki-magdeburg.de
157,kawasaki-seufert.de
158,linde-electronics.com
158,linde-gas.sk
158,linde.co.th
158,lindegas.hu
159,mazda.al
159,mazda.co.me
159,mazda.gr
159,mazda.bg
160,msmode.de
160,msmode.es
160,msmode.lu
160,msmode.fr
161,nobleprog.co.th
161,nobleprog.com.ng
161,nobleprog.ro
161,nobleprog.es
162,santillana.com.bo
162,santillana.com.hn
162,santillana.com.sv
162,santillana.com.pr
163,sto.hr
163,sto.hu
163,stoag.ch
163,stoitalia.it
164,subaru.com.gt
164,subaru.com.np
164,subaru.com.pa
164,subaruqatar.com
165,ymca-cnw.org
165,ymcalouisville.org
165,ymcaokc.org
165,ymcasteuben.org
166,yves-rocher.at
166,yves-rocher.ch
166,yves-rocher.de
166,yvesrocher.com.tr
167,adra.ca
167,adra.fr
167,adra.org.pe
168,avia.ch
168,avia.nl
168,aviabienert.de
169,axa.ad
169,axa.be
169,axa.com.br
170,bakertilly.uy
170,bakertillylb.com
170,bakertillymapema.se
171,besins-healthcare.com.mx
171,besins-healthcare.nl
171,besins-healthcare.se
172,bimedasuramerica.com
172,kiamotors.com.co
172,kiaofmuncie.com
173,bonprix-fl.be
173,bonprix.nl
173,bonprix.jobs
174,ccusa.co.za
174,ccusa.nl
174,ccusa.sk
175,compo-hobby.it
175,compo.pl
175,compo.es
176,desjoyaux.de
176,desjoyauxcreuse.com
176,desjoyauxgh.com
177,dulux.co.zw
177,duluxarabia.com
177,dulux.pl
178,edenred.cl
178,edenred.fi
178,edenred.hu
179,engie-energia.pe
179,engie.co.uk
179,laborelec.com
180,grantthornton.bg
180,grantthornton.ci
180,grantthornton.com.sv
181,greatplacetowork.at
181,greatplacetowork.ch
181,greatplacetowork.com.tr
182,holidayland-durmersheim.de
182,holidayland-pohlheim.de
182,holidayland-wunstorf.de
183,honda-autoland.com
183,hondasemarangcenter.com
183,honda.com.hk
184,honda.cl
184,honda.com.bd
184,honda.com.ng
185,inductotherm.ca
185,inductotherm.co.kr
185,inductotherm.com.au
186,intertongn.es
186,tbwa.com.hk
186,linexranchocordova.com
187,invisalign.co.kr
187,invisalign.co.uk
187,kapanfastigheter.se
188,isic.bg
188,isic.fr
188,isic.it
189,kewpie.com.sg
189,toyotadefence.com
189,toyotasouthern.com
190,mazda-uae.com
190,mazda.com.kh
190,mazda.com.sg
191,mazda.co.za
191,mazda.com.ec
191,mazda.nl
192,mazda.com.tw
192,mazda.ph
192,mazda.de
193,mazda.fi
193,mazda.lt
193,mazda.lv
194,mcdonalds-hh.de
194,mcdonalds.com.sg
194,mcdonalds.co.za
195,medef-aude.com
195,medeforne.fr
195,medef-essonne.org
196,mercyships.be
196,mercyships.org.au
196,mercyships.se
197,monster.be
197,monster.co.uk
197,monster.ie
198,nestle.ba
198,nestle.com.uy
198,nestle.ua
199,pearsonclinical.ca
199,pearsonclinical.co.uk
199,pearsonclinical.com.au
200,renault-fama.be
200,renault-tessenderlo.be
200,renaultvercammen.be
201,renault.jo
201,renaultsanzhispano.es
201,renaulttersa.com.mx
202,rotary5960.org
202,rotary7610.org
202,rotary6450.org
203,starkeypro.com.au
203,starkeypro.com
203,starkeypro.de
204,synlab-notes.com
204,synlab.cz
204,synlab.ec
205,synlab.com.gh
205,synlab.com.hr
205,synlab.si
206,tbwa-entelia.com
206,tbwa.co.za
206,tbwa.it
207,toyota-corbeil.fr
207,toyotacommonwealth.com
207,toyotaalbay.com.ph
208,trulynolenbarueri.com.br
208,trulynolenrecife.com.br
208,trulynolenpiaui.com.br
209,vans.at
209,vans.es
209,vans.it
210,acuraofgainesville.com
210,acuraoframsey.com
211,berlitz.com.py
211,savethechildren.mx
212,carlsjr.com.my
212,carlsjr.com.sg
213,cdlniteroi.com.br
213,pkfuae.com
214,compo-group.com
214,compo.de
215,crocs.ch
215,crocs.co.id
216,duracell.co.za
216,duracell.pl
217,europa-union-hessen.de
217,europa-union-kassel.de
218,inductotherm-group-france.fr
218,inductotherm.com.cn
219,lamborghini-cannes.com
219,lamborghini-stuttgart.com
220,lamborghini-paris.com
220,lamborghini-zh.ch
221,orange.ci
221,orange.sk
222,salvationarmyconcordca.org
222,salvationarmyflorida.org
223,secureparking.co.id
223,tributek.com
224,stanbicbank.co.ke
224,stanbicbank.co.zw
225,subarusouthblvd.com
225,subarusouthpoint.com
226,synlab.by
226,synlab.com.ng
